Job Title,Job URL,Website URL
Full-Stack Programming,https://categories/remote-full-stack-programming-jobs#job-listings,https://weworkremotely.com/
Front-End Programming,https://categories/remote-front-end-programming-jobs#job-listings,https://weworkremotely.com/
Back-End Programming,https://categories/remote-back-end-programming-jobs#job-listings,https://weworkremotely.com/
Design,https://categories/remote-design-jobs#job-listings,https://weworkremotely.com/
Devops and Sysadmin,https://categories/remote-devops-sysadmin-jobs#job-listings,https://weworkremotely.com/
Management and Finance,https://categories/remote-management-and-finance-jobs#job-listings,https://weworkremotely.com/
Product Jobs,https://categories/remote-product-jobs,https://weworkremotely.com/
Customer Support,https://categories/remote-customer-support-jobs#job-listings,https://weworkremotely.com/
Sales and Marketing,https://categories/remote-sales-and-marketing-jobs#job-listings,https://weworkremotely.com/
Full-Time,https://remote-full-time-jobs#job-listings,https://weworkremotely.com/
Contract,https://remote-contract-jobs#job-listings,https://weworkremotely.com/
All Other,https://categories/all-other-remote-jobs#job-listings,https://weworkremotely.com/
Advanced Job Search New!,https://remote-jobs/search,https://weworkremotely.com/
Top Trending Remote Jobs New!,https://top-trending-remote-jobs,https://weworkremotely.com/
Top Remote Job Searches,https://top-remote-job-searches,https://weworkremotely.com/
FAQ - Job Seekers,https://job-seeker-faq,https://weworkremotely.com/
RSS,https://remote-job-rss-feed,https://weworkremotely.com/
Create Account New!,https://job-seekers/account/register,https://weworkremotely.com/
Sign in,https://job-seekers/account/login,https://weworkremotely.com/
Post a job for $299,https://remote-jobs/new,https://weworkremotely.com/
Remote Job Description Template,https://remote-job-description-template,https://weworkremotely.com/
‚Ä¢Why Choose WWR?,https://post-a-remote-job,https://weworkremotely.com/
Design Jobs,https://categories/remote-design-jobs,https://weworkremotely.com/
DevOps and Sysadmin Jobs,https://categories/remote-devops-sysadmin-jobs,https://weworkremotely.com/
Management and Finance Jobs,https://categories/remote-management-and-finance-jobs,https://weworkremotely.com/
Customer Support Jobs,https://categories/remote-customer-support-jobs,https://weworkremotely.com/
View all 51 Sales and Marketing jobs,https://categories/remote-sales-and-marketing-jobs,https://weworkremotely.com/
Full-Time,https://remote-full-time-jobs,https://weworkremotely.com/
Contract,https://remote-contract-jobs,https://weworkremotely.com/
View all 38 All Other Remote jobs,https://categories/all-other-remote-jobs,https://weworkremotely.com/
,https://categories/remote-devops-sysadmin-jobs.rss,https://weworkremotely.com/
"Modus CreateArchitect (Java, Spring Boot, AWS) / 100% remote / Full timeAug 22Full-Time/Anywhere in the World",https://remote-jobs/modus-create-architect-java-spring-boot-aws-100-remote-full-time,https://weworkremotely.com/
FearlessTechnical LeadAug 18Full-Time/USA Only,https://remote-jobs/fearless-technical-lead,https://weworkremotely.com/
Draft.devDevOps Engineer / Technical WriterAug 14Contract/Anywhere in the World,https://remote-jobs/draft-dev-devops-engineer-technical-writer,https://weworkremotely.com/
BuildkiteSenior Support Engineer (Devops)Aug 13Full-Time/Europe Only/UK Only/Canada Only,https://remote-jobs/buildkite-senior-support-engineer-devops,https://weworkremotely.com/
Proxify ABSenior DevOps EngineerAug 3Full-Time/Latin America Only/Europe Only/EMEA Only,https://remote-jobs/proxify-ab-senior-devops-engineer,https://weworkremotely.com/
ContraTop 100Senior Platform Reliability EngineerJul 31Full-Time/Anywhere in the World,https://remote-jobs/contra-senior-platform-reliability-engineer-1,https://weworkremotely.com/
WhymOperations & Data ManagerJul 26Full-Time/USA Only,https://remote-jobs/whym-operations-data-manager,https://weworkremotely.com/
Solar MonkeyPlatform EngineerJul 25Full-Time/Anywhere in the World,https://remote-jobs/solar-monkey-platform-engineer,https://weworkremotely.com/
,https://categories/remote-design-jobs.rss,https://weworkremotely.com/
ContraTop 100Freelance Graphic Design at Acton CirclefeaturedContract/Anywhere in the World,https://remote-jobs/contra-freelance-graphic-design-at-acton-circle,https://weworkremotely.com/
ContraTop 100Freelance Web Designer at Noco AgencyfeaturedContract/Anywhere in the World,https://remote-jobs/contra-freelance-web-designer-at-noco-agency,https://weworkremotely.com/
ContraTop 100Junior Graphic Designer at Al Tamimi & Company (Contract) featuredContract/Anywhere in the World,https://remote-jobs/contra-junior-graphic-designer-at-al-tamimi-company-contract,https://weworkremotely.com/
ContraTop 100Freelance Website DevelopmentfeaturedContract/Anywhere in the World,https://remote-jobs/contra-freelance-website-development-1,https://weworkremotely.com/
OnTheGoSystemsTop 100Senior UI/UX DesignerfeaturedFull-Time/Anywhere in the World,https://remote-jobs/onthegosystems-senior-ui-ux-designer-1,https://weworkremotely.com/
TogglTop 100Product DesignerfeaturedFull-Time/Anywhere in the World,https://remote-jobs/toggl-product-designer-3,https://weworkremotely.com/
Aha!Top 100UX DesignerfeaturedFull-Time/North America Only,https://remote-jobs/aha-ux-designer-2,https://weworkremotely.com/
WhiteHat EngineeringGame DesignerAug 11Full-Time/USA Only,https://remote-jobs/whitehat-engineering-game-designer,https://weworkremotely.com/
ContraTop 100Freelance Graphic DesignAug 11Full-Time/Anywhere in the World,https://remote-jobs/contra-freelance-graphic-design,https://weworkremotely.com/
ContraTop 100Freelance Website DesignsAug 11Contract/Anywhere in the World,https://remote-jobs/contra-freelance-website-designs,https://weworkremotely.com/
ContraTop 100Freelance UX DesignAug 11Contract/Anywhere in the World,https://remote-jobs/contra-freelance-ux-design,https://weworkremotely.com/
ContraTop 100Freelance Product Design at SummarAIze Aug 11Contract/Anywhere in the World,https://remote-jobs/contra-freelance-product-design-at-summaraize,https://weworkremotely.com/
CircuitBrand Designer Aug 9Full-Time,https://remote-jobs/circuit-brand-designer,https://weworkremotely.com/
BasisStrategy-Focused Product DesignerAug 4Contract/Anywhere in the World,https://remote-jobs/basis-strategy-focused-product-designer,https://weworkremotely.com/
"LeadSimple, Inc.Senior Product DesignerAug 3Full-Time/Anywhere in the World",https://remote-jobs/leadsimple-inc-senior-product-designer,https://weworkremotely.com/
VaanTop 100UX Researcher & AnalystAug 2Full-Time/Anywhere in the World,https://remote-jobs/vaan-ux-researcher-analyst,https://weworkremotely.com/
A.TeamSenior Independent UX/UI Designer ($110-$190/hr)Aug 1Contract/Anywhere in the World,https://remote-jobs/a-team-senior-independent-ux-ui-designer-110-190-hr,https://weworkremotely.com/
Power Home RemodelingRuby On Rails DeveloperJul 26Full-Time/USA Only,https://remote-jobs/power-home-remodeling-ruby-on-rails-developer-2,https://weworkremotely.com/
The Vaan GroupDesign DirectorJul 25Full-Time/Anywhere in the World,https://remote-jobs/the-vaan-group-design-director,https://weworkremotely.com/
,https://categories/remote-sales-and-marketing-jobs.rss,https://weworkremotely.com/
ContraTop 100Freelance LinkedIn Marketing Specialist at Lindsay Hanson IncfeaturedContract/Anywhere in the World,https://remote-jobs/contra-freelance-linkedin-marketing-specialist-at-lindsay-hanson-inc,https://weworkremotely.com/
"Ellipsis Marketing LTD,Content Writer (SaaS topics)featuredFull-Time/Anywhere in the World",https://remote-jobs/ellipsis-marketing-ltd-content-writer-saas-topics,https://weworkremotely.com/
Speakeasy Authority Marketing Inc.Sales Development Rep (SDR)featuredContract/Anywhere in the World,https://remote-jobs/speakeasy-authority-marketing-inc-sales-development-rep-sdr,https://weworkremotely.com/
Surf OfficeAccount ExecutivefeaturedContract/Anywhere in the World,https://remote-jobs/surf-office-account-executive,https://weworkremotely.com/
Start Your RecoveryLink Building Specialist For A Cause That MattersfeaturedFull-Time/Anywhere in the World,https://remote-jobs/start-your-recovery-link-building-specialist-for-a-cause-that-matters,https://weworkremotely.com/
VidalyticsAccount Manager for SaaSfeaturedFull-Time/Americas Only,https://remote-jobs/vidalytics-account-manager-for-saas,https://weworkremotely.com/
"Climate Tech CompanySolutions / Sales Engineer (Remote, USA) - $115k-$130K Base + CommissionfeaturedFull-Time/USA Only",https://remote-jobs/climate-tech-company-solutions-sales-engineer-remote-usa-115k-130k-base-commission,https://weworkremotely.com/
UsedConex.comRemote Sales Chat RepresentativefeaturedContract/USA Only,https://remote-jobs/usedconex-com-remote-sales-chat-representative-2,https://weworkremotely.com/
StaffnaSales Development RepresentativefeaturedFull-Time/USA Only,https://remote-jobs/staffna-sales-development-representative,https://weworkremotely.com/
HygraphSenior Product Marketing Manager (f/m/d) - Remote EMEA featuredFull-Time/EMEA Only,https://remote-jobs/hygraph-senior-product-marketing-manager-f-m-d-remote-emea,https://weworkremotely.com/
"LeadSimple, Inc.Growth Marketing ManagerfeaturedFull-Time/Anywhere in the World",https://remote-jobs/leadsimple-inc-growth-marketing-manager-1,https://weworkremotely.com/
Barrel RollGoogle Ads SpecialistfeaturedFull-Time/USA Only,https://remote-jobs/barrel-roll-google-ads-specialist,https://weworkremotely.com/
Portal FantasyMarketing ManagerfeaturedFull-Time/Anywhere in the World,https://remote-jobs/portal-fantasy-marketing-manager,https://weworkremotely.com/
UsedConex.comRemote Sales Chat RepresentativefeaturedContract/USA Only,https://remote-jobs/usedconex-com-remote-sales-chat-representative,https://weworkremotely.com/
"FamilyAlbum (Mixi America, Inc.)Freelance Project Manager for Growth Marketing (Bilingual-English/Japanese) Aug 18Contract/Anywhere in the World",https://remote-jobs/familyalbum-mixi-america-inc-freelance-project-manager-for-growth-marketing-bilingual-english-japanese,https://weworkremotely.com/
NatureLandWeb3 Community ManagerAug 17Full-Time/Anywhere in the World,https://remote-jobs/natureland-web3-community-manager,https://weworkremotely.com/
PR VoltSales & Growth Lead (100% Remote)Aug 17Full-Time/Anywhere in the World,https://remote-jobs/pr-volt-sales-growth-lead-100-remote-1,https://weworkremotely.com/
ParonubiMarketing Coordinator Aug 16Contract/Latin America Only,https://remote-jobs/paronubi-marketing-coordinator,https://weworkremotely.com/
SellfySocial Media Content Marketer (Specializing in Twitter/X)Aug 16Contract/Anywhere in the World,https://remote-jobs/sellfy-social-media-content-marketer-specializing-in-twitter-x,https://weworkremotely.com/
IAPWEFreelance WriterAug 15Contract/Anywhere in the World,https://remote-jobs/iapwe-freelance-writer-9,https://weworkremotely.com/
"VEXXHOST, Inc.Remote Sales Development RepresentativeAug 15Full-Time/Anywhere in the World",https://remote-jobs/vexxhost-inc-remote-sales-development-representative,https://weworkremotely.com/
Better ProposalsCopywriterAug 15Full-Time/Anywhere in the World,https://remote-jobs/better-proposals-copywriter-2,https://weworkremotely.com/
M&A StudiosTikTok Manager for Onlyfans AgencyAug 15Full-Time/Anywhere in the World,https://remote-jobs/m-a-studios-tiktok-manager-for-onlyfans-agency,https://weworkremotely.com/
Growth MachineInside Sales Representative (Remote)Aug 14Full-Time/Anywhere in the World,https://remote-jobs/growth-machine-inside-sales-representative-remote,https://weworkremotely.com/
QwilrSearch Engine Optimization ManagerAug 14Full-Time,https://remote-jobs/qwilr-search-engine-optimization-manager,https://weworkremotely.com/
View all 51 Full-Stack Programming jobs,https://categories/remote-full-stack-programming-jobs,https://weworkremotely.com/
,https://categories/remote-full-stack-programming-jobs.rss,https://weworkremotely.com/
Lemon.ioSenior AI/ML DeveloperfeaturedFull-Time/Latin America Only/Europe Only/Canada Only,https://remote-jobs/lemon-io-senior-ai-ml-developer,https://weworkremotely.com/
Sticker MuleTop 100AI engineerfeaturedFull-Time/Anywhere in the World,https://remote-jobs/sticker-mule-ai-engineer-1,https://weworkremotely.com/
Giant PropellerFull Stack Developer (WordPress)featuredFull-Time/Latin America Only,https://remote-jobs/giant-propeller-full-stack-developer-wordpress,https://weworkremotely.com/
BottomlessSenior Full Stack DeveloperfeaturedFull-Time/Anywhere in the World,https://remote-jobs/bottomless-senior-full-stack-developer-12,https://weworkremotely.com/
A.TeamSenior Independent Software Developer ($110-$190/hr)featuredContract/Anywhere in the World,https://remote-jobs/a-team-senior-independent-software-developer-110-190-hr,https://weworkremotely.com/
Sticker MuleTop 100Software engineer (Frontend)featuredFull-Time/Anywhere in the World,https://remote-jobs/sticker-mule-software-engineer-frontend,https://weworkremotely.com/
ttt246 llcLead Android or/and Iphone EngineerfeaturedFull-Time/Anywhere in the World,https://remote-jobs/ttt246-llc-lead-android-or-and-iphone-engineer,https://weworkremotely.com/
CobbleWebSenior Full-stack PHP DeveloperfeaturedFull-Time/Anywhere in the World,https://remote-jobs/cobbleweb-senior-full-stack-php-developer-4,https://weworkremotely.com/
GovAssist LLCSenior Full Stack DeveloperfeaturedContract/Anywhere in the World,https://remote-jobs/govassist-llc-senior-full-stack-developer-2,https://weworkremotely.com/
TBDRails 7 (Turbo) & JavaScript Pro (we operate our business similarly to 37 Signals)featuredFull-Time/USA Only/Asia Only/Oceania Only,https://remote-jobs/tbd-rails-7-turbo-javascript-pro-we-operate-our-business-similarly-to-37-signals,https://weworkremotely.com/
FathomStaff Software Engineer - Full-StackfeaturedFull-Time/Americas Only,https://remote-jobs/fathom-staff-software-engineer-full-stack,https://weworkremotely.com/
LocalizeFull Stack EngineerfeaturedFull-Time/USA Only/North America Only,https://remote-jobs/localize-full-stack-engineer-3,https://weworkremotely.com/
Lemon.ioFull-stack Python Developer featuredFull-Time/Latin America Only/Europe Only/UK Only/Canada Only,https://remote-jobs/lemon-io-full-stack-python-developer-2,https://weworkremotely.com/
DesignFilesFull-Stack Ruby on Rails DeveloperfeaturedContract/Anywhere in the World,https://remote-jobs/designfiles-full-stack-ruby-on-rails-developer-1,https://weworkremotely.com/
WebPunchWebPunch is looking for an Advanced Junior Ruby Developer to add to our teamfeaturedFull-Time/Anywhere in the World,https://remote-jobs/webpunch-webpunch-is-looking-for-an-advanced-junior-ruby-developer-to-add-to-our-team,https://weworkremotely.com/
Aha!Top 100Sr. Front End EngineerfeaturedFull-Time/North America Only,https://remote-jobs/aha-sr-front-end-engineer-2,https://weworkremotely.com/
Aha!Top 100Sr. Ruby on Rails EngineerfeaturedFull-Time/North America Only,https://remote-jobs/aha-sr-ruby-on-rails-engineer-3,https://weworkremotely.com/
Lemon.ioSenior Full stack Web DeveloperfeaturedFull-Time/Latin America Only/Europe Only/UK Only/Canada Only,https://remote-jobs/lemon-io-senior-full-stack-web-developer,https://weworkremotely.com/
10ex.devSoftware Developer (Elixir)featuredFull-Time/Anywhere in the World,https://remote-jobs/10ex-dev-software-developer-elixir,https://weworkremotely.com/
Institute of OMRails Lead Engineer for amazing education / community platformAug 22Full-Time/Anywhere in the World,https://remote-jobs/institute-of-om-rails-lead-engineer-for-amazing-education-community-platform,https://weworkremotely.com/
Product HuntSoftware EngineerAug 21Full-Time/Anywhere in the World,https://remote-jobs/product-hunt-software-engineer,https://weworkremotely.com/
SparkloopMid-Level Full-Stack Rails EngineerAug 21Full-Time/Anywhere in the World,https://remote-jobs/sparkloop-mid-level-full-stack-rails-engineer,https://weworkremotely.com/
MainwebsolutionsWebentwickler (m/w/d) bei einem Software-Dienstleister aus W√ºrzburg (Full-Remote oder vor Ort)Aug 21Full-Time/Anywhere in the World,https://remote-jobs/mainwebsolutions-webentwickler-m-w-d-bei-einem-software-dienstleister-aus-wurzburg-full-remote-oder-vor-ort,https://weworkremotely.com/
Harley Therapy - Psychotherapy & CounsellingMid-level Ruby and JavaScript DeveloperAug 20Contract/Anywhere in the World,https://remote-jobs/harley-therapy-psychotherapy-counselling-mid-level-ruby-and-javascript-developer,https://weworkremotely.com/
VizcomSenior Fullstack Software EngineerAug 19Full-Time/North America Only,https://remote-jobs/vizcom-senior-fullstack-software-engineer,https://weworkremotely.com/
,https://categories/all-other-remote-jobs.rss,https://weworkremotely.com/
DataAnnotation.techFT/PT Remote AI Prompt Engineering & Evaluation - Will TrainfeaturedContract/USA Only/UK Only/Canada Only,https://remote-jobs/dataannotation-tech-ft-pt-remote-ai-prompt-engineering-evaluation-will-train,https://weworkremotely.com/
ContraTop 100Freelance Social Media ContentfeaturedContract/Anywhere in the World,https://remote-jobs/contra-freelance-social-media-content,https://weworkremotely.com/
McKinney Hardwood LumberPersonal AssistantfeaturedFull-Time/USA Only,https://remote-jobs/mckinney-hardwood-lumber-personal-assistant,https://weworkremotely.com/
Proxify ABSenior Symfony DeveloperfeaturedFull-Time/Latin America Only/Europe Only/EMEA Only,https://remote-jobs/proxify-ab-senior-symfony-developer,https://weworkremotely.com/
RemotasksAI Training for WritersfeaturedContract/USA Only,https://remote-jobs/remotasks-ai-training-for-writers,https://weworkremotely.com/
Stone PressFreelance EditorfeaturedContract/USA Only,https://remote-jobs/stone-press-freelance-editor-1,https://weworkremotely.com/
"Defiant, Inc.QA AnalystfeaturedFull-Time/USA Only",https://remote-jobs/defiant-inc-qa-analyst-2,https://weworkremotely.com/
TogglTop 100Data EngineerfeaturedFull-Time/Anywhere in the World,https://remote-jobs/toggl-data-engineer,https://weworkremotely.com/
View Company Profile,https://company/tutor-job,https://weworkremotely.com/
Tutor JobConversation Practice Partner (Native English Speaker)featuredFull-Time/USA Only/UK Only/Canada Only,https://remote-jobs/tutor-job-conversation-practice-partner-native-english-speaker,https://weworkremotely.com/
HygraphSenior Partner Manager (f/m/d) - Remote within North AmericafeaturedFull-Time/Anywhere in the World,https://remote-jobs/hygraph-senior-partner-manager-f-m-d-remote-within-north-america-2,https://weworkremotely.com/
Stone PressFreelance Content Producer / ResearcherfeaturedContract/USA Only,https://remote-jobs/stone-press-freelance-content-producer-researcher,https://weworkremotely.com/
UsedConex.comRemote Sales Chat RepresentativefeaturedContract/Europe Only,https://remote-jobs/usedconex-com-remote-sales-chat-representative-1,https://weworkremotely.com/
Proxify ABSenior Data Engineer: Long-Term Job - 100% RemoteAug 21Full-Time/Latin America Only/Europe Only/EMEA Only,https://remote-jobs/proxify-ab-senior-data-engineer-long-term-job-100-remote,https://weworkremotely.com/
MightyDigitsOperations LeadAug 20Full-Time/Anywhere in the World,https://remote-jobs/mightydigits-operations-lead,https://weworkremotely.com/
DogsThatVideo EditorAug 17Full-Time/Anywhere in the World,https://remote-jobs/dogsthat-video-editor,https://weworkremotely.com/
The Urban WritersFreelance CreativesAug 17Contract/Anywhere in the World,https://remote-jobs/the-urban-writers-freelance-creatives,https://weworkremotely.com/
ContraTop 100Freelance Video Production at Kendake LTDAug 14Contract/Anywhere in the World,https://remote-jobs/contra-freelance-video-production-at-kendake-ltd,https://weworkremotely.com/
Stone PressFreelance Writer - Website Creation SpecialistAug 11Contract/Anywhere in the World,https://remote-jobs/stone-press-freelance-writer-website-creation-specialist,https://weworkremotely.com/
Stone PressFreelance B2B Content WriterAug 11Contract/Anywhere in the World,https://remote-jobs/stone-press-freelance-b2b-content-writer,https://weworkremotely.com/
ContraTop 100Freelance Social Media Toolkit & Social Media ContentAug 11Contract/Anywhere in the World,https://remote-jobs/contra-freelance-social-media-toolkit-social-media-content,https://weworkremotely.com/
XMTop 100Cloud Security EngineerAug 11Full-Time/Anywhere in the World,https://remote-jobs/xm-cloud-security-engineer,https://weworkremotely.com/
ContraTop 100Freelance Social Media Content at Zala Hair ExtensionsAug 10Contract/Anywhere in the World,https://remote-jobs/contra-freelance-social-media-content-at-zala-hair-extensions,https://weworkremotely.com/
Client AcceleratorsVirtual Assistant (Media Buying Team)Aug 10Full-Time/Anywhere in the World,https://remote-jobs/client-accelerators-virtual-assistant-media-buying-team,https://weworkremotely.com/
EventMobiInformation Security & IT Operations Lead (Remote)Aug 8Full-Time,https://remote-jobs/eventmobi-information-security-it-operations-lead-remote,https://weworkremotely.com/
Native CampPro Online English TeacherAug 7Contract/Anywhere in the World,https://remote-jobs/native-camp-online-english-teacher-13,https://weworkremotely.com/
Back-End Programming Jobs,https://categories/remote-back-end-programming-jobs,https://weworkremotely.com/
,https://categories/remote-back-end-programming-jobs.rss,https://weworkremotely.com/
TillerExperienced Software Engineer - BackendfeaturedFull-Time/Anywhere in the World,https://remote-jobs/tiller-experienced-software-engineer-backend,https://weworkremotely.com/
Sticker MuleTop 100Software Engineer (Backend)featuredFull-Time/Anywhere in the World,https://remote-jobs/sticker-mule-software-engineer-backend,https://weworkremotely.com/
Relay CommerceStaff Engineer featuredFull-Time/Anywhere in the World,https://remote-jobs/relay-commerce-staff-engineer-2,https://weworkremotely.com/
CloseTop 100Senior/Staff Software Engineer - Backend/Python - USA (100% Remote)featuredFull-Time/USA Only,https://remote-jobs/close-senior-staff-software-engineer-backend-python-usa-100-remote,https://weworkremotely.com/
Corpay OneSenior C# / .NET DeveloperfeaturedFull-Time/Europe Only,https://remote-jobs/corpay-one-senior-csharp-net-developer-3,https://weworkremotely.com/
TogglTop 100Senior Backend EngineerfeaturedFull-Time/Europe Only,https://remote-jobs/toggl-senior-backend-engineer-1,https://weworkremotely.com/
"TextMagicSenior Back-end developer (PHP, Symfony, PostgreSQL)featuredFull-Time/Anywhere in the World",https://remote-jobs/textmagic-senior-back-end-developer-php-symfony-postgresql-1,https://weworkremotely.com/
FloatTop 100Senior Application Engineer (Services)featuredFull-Time/Anywhere in the World,https://remote-jobs/float-senior-application-engineer-services,https://weworkremotely.com/
Aha!Top 100Sr. Security EngineerfeaturedFull-Time/North America Only,https://remote-jobs/aha-sr-security-engineer-1,https://weworkremotely.com/
G2i Inc.Top 100Backend Go Developer - RemotefeaturedFull-Time/Latin America Only,https://remote-jobs/g2i-inc-backend-go-developer-remote,https://weworkremotely.com/
Sticker MuleTop 100Site Reliability EngineerAug 17Full-Time/Anywhere in the World,https://remote-jobs/sticker-mule-site-reliability-engineer-1,https://weworkremotely.com/
XMTop 100Modern C++ Software Developer ‚Äì RemoteAug 11Full-Time/Anywhere in the World,https://remote-jobs/xm-modern-cpp-software-developer-remote-2,https://weworkremotely.com/
"XMTop 100Senior PHP Web Developers‚Äì Cyprus, Greece or RemoteAug 11Full-Time/Anywhere in the World",https://remote-jobs/xm-senior-php-web-developers-cyprus-greece-or-remote-2,https://weworkremotely.com/
AdevaSenior Backend EngineerAug 9Contract/Europe Only,https://remote-jobs/adeva-senior-backend-engineer,https://weworkremotely.com/
UnifyML Engineer InternAug 8Full-Time/Anywhere in the World,https://remote-jobs/unify-ml-engineer-intern,https://weworkremotely.com/
Proxify ABSenior Laravel Developer: Long-Term Job - 100% RemoteAug 2Full-Time/Latin America Only/Europe Only/EMEA Only,https://remote-jobs/proxify-ab-senior-laravel-developer-long-term-job-100-remote,https://weworkremotely.com/
LifetimelyPrincipal Ruby on Rails DeveloperAug 1Full-Time/Anywhere in the World,https://remote-jobs/lifetimely-principal-ruby-on-rails-developer,https://weworkremotely.com/
Proxify ABSenior Ruby on Rails Developer: Fully RemoteJul 30Full-Time/Anywhere in the World,https://remote-jobs/proxify-ab-senior-ruby-on-rails-developer-fully-remote,https://weworkremotely.com/
Proxify ABSenior Unity Developer: Fully RemoteJul 28Full-Time/Latin America Only/Europe Only/EMEA Only,https://remote-jobs/proxify-ab-senior-unity-developer-fully-remote,https://weworkremotely.com/
Tele-Town HallSoftware EngineerJul 27Full-Time/USA Only,https://remote-jobs/tele-town-hall-software-engineer,https://weworkremotely.com/
ProspectJava Engineer (Backend)Jul 24Full-Time/Anywhere in the World,https://remote-jobs/prospect-java-engineer-backend-2,https://weworkremotely.com/
Proxify ABSenior Backend Python Engineer: Long-term job - 100% remoteJul 23Full-Time/Latin America Only/Europe Only/EMEA Only,https://remote-jobs/proxify-ab-senior-backend-python-engineer-long-term-job-100-remote,https://weworkremotely.com/
,https://categories/remote-customer-support-jobs.rss,https://weworkremotely.com/
Growth CaveClient Billing SpecialistfeaturedFull-Time/Anywhere in the World,https://remote-jobs/growth-cave-client-billing-specialist,https://weworkremotely.com/
OnTheGoSystemsTop 100Technical Supporter speaking English and GermanfeaturedFull-Time/Anywhere in the World,https://remote-jobs/onthegosystems-technical-supporter-speaking-english-and-german,https://weworkremotely.com/
GovAssist LLCCustomer Service RepresentativefeaturedContract/Anywhere in the World,https://remote-jobs/govassist-llc-customer-service-representative-10,https://weworkremotely.com/
OnTheGoSystemsTop 100WordPress Technical Supporter speaking English and Italian or SpanishfeaturedFull-Time/Anywhere in the World,https://remote-jobs/onthegosystems-wordpress-technical-supporter-speaking-english-and-italian-or-spanish,https://weworkremotely.com/
PorkbunTechnical Support RepresentativefeaturedFull-Time/USA Only,https://remote-jobs/porkbun-technical-support-representative-2,https://weworkremotely.com/
"Defiant, Inc.Customer Support EngineerfeaturedFull-Time/USA Only/Americas Only/Europe Only/UK Only",https://remote-jobs/defiant-inc-customer-support-engineer-1,https://weworkremotely.com/
Files.comCustomer Support EngineerAug 21Full-Time/USA Only,https://remote-jobs/files-com-customer-support-engineer-2,https://weworkremotely.com/
FilestageTop 100Sales Development Representative (German Speaking)Aug 21Full-Time/Anywhere in the World,https://remote-jobs/filestage-sales-development-representative-german-speaking,https://weworkremotely.com/
"Omni InteractionsCustomer Service Work from home, get your life back!Aug 16Contract/USA Only",https://remote-jobs/omni-interactions-customer-service-work-from-home-get-your-life-back-1,https://weworkremotely.com/
RapidSeedbox LtdLinux Support Team LeadAug 14Full-Time/Anywhere in the World,https://remote-jobs/rapidseedbox-ltd-linux-support-team-lead,https://weworkremotely.com/
ZiprentRelations Manager (Property Management)Aug 14Contract/Anywhere in the World,https://remote-jobs/ziprent-relations-manager-property-management,https://weworkremotely.com/
TonomoCustomer Success ManagerAug 3Full-Time/Anywhere in the World,https://remote-jobs/tonomo-customer-success-manager,https://weworkremotely.com/
"FragranceX.comCustomer Service Associate, FT RemoteAug 3Full-Time/Anywhere in the World",https://remote-jobs/fragrancex-com-customer-service-associate-ft-remote,https://weworkremotely.com/
AuctriaCustomer Success Specialist: A full-time role with the Auctria.comAug 1Full-Time/Canada Only,https://remote-jobs/auctria-customer-success-specialist-a-full-time-role-with-the-auctria-com,https://weworkremotely.com/
LoganixAccount Manager - SEOJul 31Full-Time/North America Only,https://remote-jobs/loganix-account-manager-seo-1,https://weworkremotely.com/
Trifecta Retail VenturesTop 100Customer Happiness Advocate (Remote - Canada)Jul 31Full-Time/North America Only,https://remote-jobs/trifecta-retail-ventures-customer-happiness-advocate-remote-canada-1,https://weworkremotely.com/
Photobooth Supply CoTop 100Technical and Hardware Support Customer AdvocateJul 30Full-Time/USA Only,https://remote-jobs/photobooth-supply-co-technical-and-hardware-support-customer-advocate-1,https://weworkremotely.com/
The Hello TeamBilingual Chinese & English Customer Service RepresentativeJul 25Full-Time/UK Only/Canada Only/EMEA Only/Asia Only/Other (don‚Äôt specify),https://remote-jobs/the-hello-team-bilingual-chinese-english-customer-service-representative,https://weworkremotely.com/
"Support AdventureREMOTE IT Helpdesk Technician, Level 2 to Level 3 EngineersJul 24Full-Time/Anywhere in the World",https://remote-jobs/support-adventure-remote-it-helpdesk-technician-level-2-to-level-3-engineers,https://weworkremotely.com/
,https://categories/remote-management-and-finance-jobs.rss,https://weworkremotely.com/
IntuitCredentialed Tax Expert - Bilingual SpanishfeaturedFull-Time/USA Only,https://remote-jobs/intuit-credentialed-tax-expert-bilingual-spanish,https://weworkremotely.com/
IntuitTax Associate - Work from HomefeaturedFull-Time/USA Only,https://remote-jobs/intuit-tax-associate-work-from-home-2,https://weworkremotely.com/
IntuitTax Expert - CPA or EA - Work from HomefeaturedFull-Time/USA Only,https://remote-jobs/intuit-tax-expert-cpa-or-ea-work-from-home-2,https://weworkremotely.com/
PaymentologyTop 100Global Head of FraudfeaturedContract/EMEA Only,https://remote-jobs/paymentology-global-head-of-fraud,https://weworkremotely.com/
RapidSeedbox LtdWeb Development ManagerAug 18Full-Time/Anywhere in the World,https://remote-jobs/rapidseedbox-ltd-web-development-manager,https://weworkremotely.com/
AirDAOFinance managerAug 15Full-Time/Anywhere in the World,https://remote-jobs/airdao-finance-manager,https://weworkremotely.com/
Greenlight Media Pte LtdInventory and Supply Chain ManagerAug 12Full-Time/Anywhere in the World,https://remote-jobs/greenlight-media-pte-ltd-inventory-and-supply-chain-manager,https://weworkremotely.com/
QwilrFinancial Analyst Aug 10Full-Time,https://remote-jobs/qwilr-financial-analyst,https://weworkremotely.com/
New Law Business ModelMarketing Automation SaaS + Services Line of Business OwnerAug 6Full-Time/Anywhere in the World,https://remote-jobs/new-law-business-model-marketing-automation-saas-services-line-of-business-owner,https://weworkremotely.com/
Nagarro Digital VenturesTop 100Senior Digital Project ManagerAug 6Full-Time/North America Only,https://remote-jobs/nagarro-digital-ventures-senior-digital-project-manager,https://weworkremotely.com/
Flag TheoryJunior Accounting with International Experience (Full Time)Jul 28Full-Time/Anywhere in the World,https://remote-jobs/flag-theory-junior-accounting-with-international-experience-full-time,https://weworkremotely.com/
Front-End Programming Jobs,https://categories/remote-front-end-programming-jobs,https://weworkremotely.com/
,https://categories/remote-front-end-programming-jobs.rss,https://weworkremotely.com/
DogsThatFull time Front End Wordpress Developer/Designer/Jack of All TradesfeaturedFull-Time/Anywhere in the World,https://remote-jobs/dogsthat-full-time-front-end-wordpress-developer-designer-jack-of-all-trades,https://weworkremotely.com/
Proxify ABSenior Next.js Developer: Long-term - 100% remotefeaturedFull-Time/Latin America Only/Europe Only/EMEA Only,https://remote-jobs/proxify-ab-senior-next-js-developer-long-term-100-remote,https://weworkremotely.com/
Proxify ABSenior Vue.js DeveloperfeaturedFull-Time/Latin America Only/Europe Only/EMEA Only,https://remote-jobs/proxify-ab-senior-vue-js-developer,https://weworkremotely.com/
CloseTop 100Frontend Engineering Manager (USA Only - 100% Remote)featuredFull-Time/USA Only,https://remote-jobs/close-frontend-engineering-manager-usa-only-100-remote-1,https://weworkremotely.com/
FloatTop 100Senior Application Engineer (Interfaces)featuredFull-Time/Anywhere in the World,https://remote-jobs/float-senior-application-engineer-interfaces,https://weworkremotely.com/
Proxify ABSenior Frontend Developer: Long-term job - 100% RemoteAug 8Full-Time/Latin America Only/Europe Only/EMEA Only,https://remote-jobs/proxify-ab-senior-frontend-developer-long-term-job-100-remote,https://weworkremotely.com/
SmilyFront-End developerAug 2Full-Time/Anywhere in the World,https://remote-jobs/smily-front-end-developer,https://weworkremotely.com/
,https://categories/remote-product-jobs.rss,https://weworkremotely.com/
UserEvidenceSenior Product ManagerfeaturedFull-Time/USA Only,https://remote-jobs/userevidence-senior-product-manager,https://weworkremotely.com/
Aha!Top 100Sr. Product Success Manager (Product management experience required)featuredFull-Time/North America Only/UK Only/Canada Only/Oceania Only,https://remote-jobs/aha-sr-product-success-manager-product-management-experience-required-2,https://weworkremotely.com/
Aha!Top 100Product Success Manager (Product management experience required)featuredFull-Time/USA Only/North America Only/UK Only/Canada Only/Oceania Only,https://remote-jobs/aha-product-success-manager-product-management-experience-required-2,https://weworkremotely.com/
TogglTop 100Chief Product OfficerfeaturedFull-Time/Anywhere in the World,https://remote-jobs/toggl-chief-product-officer,https://weworkremotely.com/
Yoko CoTop 100Senior UX Strategist / Information ArchitectfeaturedFull-Time/Anywhere in the World,https://remote-jobs/yoko-co-senior-ux-strategist-information-architect-1,https://weworkremotely.com/
SportyBetDelivery ManagerfeaturedFull-Time/Anywhere in the World,https://remote-jobs/sportybet-delivery-manager,https://weworkremotely.com/
Prisms of RealityProduct ManagerAug 21Full-Time/North America Only,https://remote-jobs/prisms-of-reality-product-manager,https://weworkremotely.com/
"Wave NineSenior Technology & Strategy Implementation Specialist (Remote Setup) (East Coast, US)Aug 17Full-Time/USA Only",https://remote-jobs/wave-nine-senior-technology-strategy-implementation-specialist-remote-setup-east-coast-us,https://weworkremotely.com/
Flipside üìäVP of Product MarketingAug 15Full-Time/North America Only,https://remote-jobs/flipside-vp-of-product-marketing,https://weworkremotely.com/
EngagedMDProduct Manager Aug 11Full-Time/USA Only,https://remote-jobs/engagedmd-product-manager,https://weworkremotely.com/
VaanTop 100E-Commerce StrategistAug 10Full-Time/Anywhere in the World,https://remote-jobs/vaan-e-commerce-strategist,https://weworkremotely.com/
TogglTop 100Product ManagerAug 9Full-Time/Anywhere in the World,https://remote-jobs/toggl-product-manager-3,https://weworkremotely.com/
TogglTop 100Senior Product ManagerAug 4Full-Time/EMEA Only,https://remote-jobs/toggl-senior-product-manager,https://weworkremotely.com/
VaanTop 100Technical Solutions SpecialistAug 3Full-Time/Anywhere in the World,https://remote-jobs/vaan-technical-solutions-specialist,https://weworkremotely.com/
A.TeamSenior Independent Product Manager/Product Designer ($110-$190/hr)Aug 1Full-Time/Anywhere in the World,https://remote-jobs/a-team-senior-independent-product-manager-product-designer-110-190-hr,https://weworkremotely.com/
"LeadSimple, Inc.Product ManagerAug 1Full-Time/Anywhere in the World",https://remote-jobs/leadsimple-inc-product-manager,https://weworkremotely.com/
ContraTop 100Project Management at TruSport Brands Aug 1Contract/Anywhere in the World,https://remote-jobs/contra-project-management-at-trusport-brands,https://weworkremotely.com/
Elevate LabsHead of ProductJul 25Full-Time/Americas Only,https://remote-jobs/elevate-labs-head-of-product,https://weworkremotely.com/
Careers overview,https://careers,https://canonical.com/careers/3029798
Engineering,https://careers/engineering,https://canonical.com/careers/3029798
Support,https://careers/support-engineering,https://canonical.com/careers/3029798
Marketing,https://careers/marketing,https://canonical.com/careers/3029798
Web and Design,https://careers/web-and-design,https://canonical.com/careers/3029798
Project management,https://careers/project-management,https://canonical.com/careers/3029798
Operations,https://careers/commercial-operations,https://canonical.com/careers/3029798
Product,https://careers/product,https://canonical.com/careers/3029798
Sales,https://careers/sales,https://canonical.com/careers/3029798
Finance,https://careers/finance,https://canonical.com/careers/3029798
Legal,https://careers/legal,https://canonical.com/careers/3029798
Administration,https://careers/administration,https://canonical.com/careers/3029798
People,https://careers/people,https://canonical.com/careers/3029798
Company culture,https://careers/company-culture,https://canonical.com/careers/3029798
Remote work,https://careers/company-culture/remote-work,https://canonical.com/careers/3029798
Progression,https://careers/company-culture/progression,https://canonical.com/careers/3029798
Diversity,https://careers/company-culture/diversity,https://canonical.com/careers/3029798
Sustainability,https://careers/company-culture/sustainability,https://canonical.com/careers/3029798
FAQs,https://careers/application/faq,https://canonical.com/careers/3029798
‚Äπ¬†Back to list,https://careers/all,https://canonical.com/careers/3029798
"Whatever your identity, we will give your application fair consideration.",https://canonical.com/careers/diversity/identity,https://canonical.com/careers/3029798
‰∏≠Êñá,https://www.atlassian.com/zh/company/careers/all-jobs,https://www.atlassian.com/company/careers/all-jobs
Deutsch,https://www.atlassian.com/de/company/careers/all-jobs,https://www.atlassian.com/company/careers/all-jobs
English,https://www.atlassian.com/company/careers/all-jobs,https://www.atlassian.com/company/careers/all-jobs
Espa√±ol,https://www.atlassian.com/es/company/careers/all-jobs,https://www.atlassian.com/company/careers/all-jobs
Fran√ßais,https://www.atlassian.com/fr/company/careers/all-jobs,https://www.atlassian.com/company/careers/all-jobs
Italiano,https://www.atlassian.com/it/company/careers/all-jobs,https://www.atlassian.com/company/careers/all-jobs
ÌïúÍµ≠Ïñ¥,https://www.atlassian.com/ko/company/careers/all-jobs,https://www.atlassian.com/company/careers/all-jobs
Magyar,https://www.atlassian.com/hu/company/careers/all-jobs,https://www.atlassian.com/company/careers/all-jobs
Nederlands,https://www.atlassian.com/nl/company/careers/all-jobs,https://www.atlassian.com/company/careers/all-jobs
Êó•Êú¨Ë™û,https://www.atlassian.com/ja/company/careers/all-jobs,https://www.atlassian.com/company/careers/all-jobs
Portugu√™s,https://www.atlassian.com/br/company/careers/all-jobs,https://www.atlassian.com/company/careers/all-jobs
P—É—Å—Å–∫–∏–π,https://www.atlassian.com/ru/company/careers/all-jobs,https://www.atlassian.com/company/careers/all-jobs
Polski,https://www.atlassian.com/pl/company/careers/all-jobs,https://www.atlassian.com/company/careers/all-jobs
Careers,https://company/careers,https://www.atlassian.com/company/careers/all-jobs
Learn more,https://company/careers/resources/interviewing/recruitment-fraud,https://www.atlassian.com/company/careers/all-jobs
All Jobs,https://company/careers/all-jobs,https://www.atlassian.com/company/careers/all-jobs
Privacy Policy,https://legal/careers-privacy-notice,https://www.atlassian.com/company/careers/all-jobs
Limit the Use of My Sensitive Personal Information,https://legal/careers-privacy-notice#additional-disclosures,https://www.atlassian.com/company/careers/all-jobs
Careers overview,https://careers,https://canonical.com/careers/5169198
Engineering,https://careers/engineering,https://canonical.com/careers/5169198
Support,https://careers/support-engineering,https://canonical.com/careers/5169198
Marketing,https://careers/marketing,https://canonical.com/careers/5169198
Web and Design,https://careers/web-and-design,https://canonical.com/careers/5169198
Project management,https://careers/project-management,https://canonical.com/careers/5169198
Operations,https://careers/commercial-operations,https://canonical.com/careers/5169198
Product,https://careers/product,https://canonical.com/careers/5169198
Sales,https://careers/sales,https://canonical.com/careers/5169198
Finance,https://careers/finance,https://canonical.com/careers/5169198
Legal,https://careers/legal,https://canonical.com/careers/5169198
Administration,https://careers/administration,https://canonical.com/careers/5169198
People,https://careers/people,https://canonical.com/careers/5169198
Company culture,https://careers/company-culture,https://canonical.com/careers/5169198
Remote work,https://careers/company-culture/remote-work,https://canonical.com/careers/5169198
Progression,https://careers/company-culture/progression,https://canonical.com/careers/5169198
Diversity,https://careers/company-culture/diversity,https://canonical.com/careers/5169198
Sustainability,https://careers/company-culture/sustainability,https://canonical.com/careers/5169198
FAQs,https://careers/application/faq,https://canonical.com/careers/5169198
‚Äπ¬†Back to list,https://careers/all,https://canonical.com/careers/5169198
"Whatever your identity, we will give your application fair consideration.",https://canonical.com/careers/diversity/identity,https://canonical.com/careers/5169198
"See Careers
at Databricks",https://www.databricks.com/company/careers,https://www.databricks.com/company/careers/open-positions
Overview,https://www.databricks.com/company/careers/open-positions?itm_data=careers-hp-nav-overview,https://www.databricks.com/company/careers/open-positions
Culture,https://www.databricks.com/company/careers/culture?itm_data=careers-hp-nav-culture,https://www.databricks.com/company/careers/open-positions
Benefits,https://www.databricks.com/company/careers/benefits?itm_data=careers-hp-nav-benefits,https://www.databricks.com/company/careers/open-positions
Diversity,https://www.databricks.com/company/careers/diversity-and-inclusion?itm_data=careers-hp-nav-diversity,https://www.databricks.com/company/careers/open-positions
Engineering,https://www.databricks.com/company/careers/engineering-at-databricks?itm_data=careers-hp-nav-engineering,https://www.databricks.com/company/careers/open-positions
Students & new grads,https://www.databricks.com/company/careers/university-recruiting?itm_data=careers-hp-nav-students,https://www.databricks.com/company/careers/open-positions
,https://jobs.netflix.com/podcast,https://jobs.netflix.com/search
IBM Careers,https://careers/us-en/,https://www.ibm.com/careers/us-en/
,https://www.ibm.com/blogs/jobs/,https://www.ibm.com/careers/us-en/
Locations,https://careers/us-en/locations,https://www.ibm.com/careers/us-en/
Jobs,"https://careers/us-en/search/?filters=primary_country:CA,primary_country:US",https://www.ibm.com/careers/us-en/
Meet the team,https://careers/us-en/teams/software-engineering,https://www.ibm.com/careers/us-en/
Project Management,https://careers/us-en/teams/project-management,https://www.ibm.com/careers/us-en/
Security,https://careers/us-en/teams/security,https://www.ibm.com/careers/us-en/
Research,https://careers/us-en/teams/research,https://www.ibm.com/careers/us-en/
Infrastructure & Technology,https://careers/us-en/teams/infrastructure-and-technology/,https://www.ibm.com/careers/us-en/
Enterprise Operations,https://careers/us-en/teams/enterprise-operations,https://www.ibm.com/careers/us-en/
Design & UX,https://careers/us-en/teams/design-and-ux/,https://www.ibm.com/careers/us-en/
Data & Analytics,https://careers/us-en/teams/data-and-analytics/,https://www.ibm.com/careers/us-en/
Meet the team,https://careers/us-en/teams/consulting,https://www.ibm.com/careers/us-en/
Meet the team,https://careers/us-en/teams/cloud,https://www.ibm.com/careers/us-en/
Meet the team,https://careers/us-en/teams/sales,https://www.ibm.com/careers/us-en/
Entry Level,https://careers/us-en/early-career/entry-level,https://www.ibm.com/careers/us-en/
Internship,https://careers/us-en/early-career/internship,https://www.ibm.com/careers/us-en/
Entry Level Opportunities,https://careers/us-en/early-career/early-career-opportunities,https://www.ibm.com/careers/us-en/
What bringing your whole self to work meansIBMers Tim and Melissa talk about bringing their authentic selves to work to foster a more equitable and inclusive environment.,https://www.ibm.com/blogs/jobs/2022/07/04/ibmers-tim-and-melissa-on-bringing-their-authentic-selves-to-work/,https://www.ibm.com/careers/us-en/
Meet the team,https://careers/us-en/teams/data-and-analytics,https://www.ibm.com/careers/us-en/
Meet the team,https://careers/us-en/teams/infrastructure-and-technology,https://www.ibm.com/careers/us-en/
Register now,https://careers.ibm.com/campaign/global-en-tf-400-general-talent-form/,https://www.ibm.com/careers/us-en/
Application FAQ,https://careers/us-en/faq,https://www.ibm.com/careers/us-en/
Application Process,https://careers/us-en/application-process,https://www.ibm.com/careers/us-en/
Privacy Notice,https://careers/us-en/privacy-policy,https://www.ibm.com/careers/us-en/
EMEA in English,https://careers/uk-en,https://www.ibm.com/careers/us-en/
EMEA in German,https://careers/de-de,https://www.ibm.com/careers/us-en/
Greater China Group in Simplified Chinese,https://careers/cn-zh,https://www.ibm.com/careers/us-en/
Latin America in Portuguese,https://careers/br-pt,https://www.ibm.com/careers/us-en/
Latin America in Spanish,https://careers/mx-es,https://www.ibm.com/careers/us-en/
Asia Pacific in Japanese,https://careers/jp-ja,https://www.ibm.com/careers/us-en/
Asia Pacific in English,https://careers/ph-en,https://www.ibm.com/careers/us-en/
India in English,https://careers/in-en,https://www.ibm.com/careers/us-en/
North America in Canadian French,https://careers/ca-fr,https://www.ibm.com/careers/us-en/
North America in English,https://careers/us-en,https://www.ibm.com/careers/us-en/
Careers,https://careers,https://www.omnipresent.com/jobs
We are Hiring,https://jobs,https://www.omnipresent.com/jobs
View open roles,#jobs,https://www.fivetran.com/careers
Culture,https://careers,https://www.fivetran.com/careers
Careers,https://careers#jobs,https://www.fivetran.com/careers
